TestTime_s_,Current_A_
1,0
2,0
3,0
4,0
5,0
6,0
7,0
8,0
9,0
10,0
11,0
12,0
13,-0.00796580811393659
14,-0.148098794363338
15,-0.563513657955006
16,-0.757630565689667
17,-1.17304912968773
18,-1.87973674754546
19,-2.18709580010739
20,-1.06467273814144
21,-0.597815856209679
22,-0.370837747745045
23,-0.556476587491477
24,-0.443874529986714
25,-1.32493622398972
26,-1.01035516532198
27,-1.80425318377236
28,-2.15675573960157
29,-2.32559449552135
30,-2.24460151267397
31,-1.49536415457726
32,-1.18052356447752
33,-1.02154563289175
34,-0.945155052938466
35,-0.577462892807326
36,-0.196854194031068
37,0.451986068064195
38,1.01084361388555
39,0.992817423686022
40,0.737291030443978
41,0.658656090503628
42,0.950354455860083
43,1.03650703643369
44,0.643662341853338
45,0.207103628778608
46,0.0242773841027721
47,0.107789654430783
48,0.143620577785305
49,0.0416909394226741
50,-0.144451328335646
51,0.00409521520156257
52,0.236383901360468
53,0.359027840612397
54,0.0851997335477072
55,-0.0687716701203774
56,-0.0939462850723742
57,-0.0939462850723742
58,-0.171318895302363
59,-0.175750446114616
60,-0.667640689087048
61,-0.306403101259173
62,-0.319365651959835
63,-0.229864223920789
64,-0.443365911244573
65,-0.395342497687743
66,-0.2592207045518
67,-0.263912620022569
68,-0.901357008968883
69,-1.43320096148876
70,-1.84224277179861
71,-2.11148745388869
72,-2.06336432411741
73,-1.56602284397537
74,-1.14182735294275
75,-1.03026598689398
76,-1.13852058002948
77,-1.25475357112842
78,-1.04874684949912
79,-0.567801030095366
80,0.0107663501903364
81,0.0118414156273804
82,0.289503059040443
83,-0.128603674921632
84,-0.126202785203708
85,0.129213684799013
86,0.0543466951024674
87,0.0908660413854106
88,-0.0338013376643394
89,0.651786352925374
90,1.36490950419909
91,1.37012967512237
92,1.04093596055014
93,0.423084200564547
94,0.266926444378443
95,0.312342248443497
96,0.274663574151329
97,0.109797398408707
98,0.0386467412504585
99,0.0416974443476011
100,0
101,0
102,0
103,0
104,0
105,0
106,0
107,0
108,0
109,0
110,0
111,0
112,0
113,0
114,0
115,0
116,0
117,0
118,0
119,0
120,0
121,0
122,0
123,0
124,0
125,0
126,0
127,0
128,0
129,0
130,0
131,0
132,0
133,0
134,0
135,0
136,0
137,0
138,0
139,-0.00882550312455598
140,-0.185942234119227
141,-0.780857113972925
142,-1.27332699131285
143,-1.01297739353596
144,-0.560848699785072
145,-0.549032706034307
146,-1.06687192438013
147,-1.46676609975722
148,-1.47553103137828
149,-1.13847594144286
150,-0.639435363393744
151,-0.0138488005727387
152,0.537231989796629
153,1.16978890399175
154,1.13844097133226
155,0.643504081314544
156,0.127400963246212
157,-0.248691566500147
158,-0.505158157644351
159,-1.05110029780543
160,-1.21102469342777
161,-1.59161059702321
162,-1.25497890809564
163,-1.37194406820886
164,-1.37138913934641
165,-1.28089153819596
166,-0.954311817798397
167,-1.0573491647712
168,-1.73972669607879
169,-1.85250825970506
170,-1.00726877574266
171,0.0528590284248871
172,0.705991138712732
173,1.31572813779551
174,1.10504644635511
175,0.386721444980257
176,-0.110114876341953
177,-0.648284498312737
178,-1.28301642670972
179,-1.08309273117831
180,-0.513919747891578
181,-0.204025712029122
182,-0.0762424045037759
183,0.144201226589147
184,0.518552883634575
185,0.561085613858983
186,0.533886844431134
187,0.369216824098476
188,0.275347641269568
189,0.179790578607704
190,0.13341034871651
191,0.064094134581282
192,0.0608024596648166
193,0.00450351821261052
194,-0.0175179287964064
195,-0.0431684007689317
196,-0.0939462850723742
197,-0.0939462850723742
198,-0.0939462850723742
199,-0.222900677229919
200,-0.232441935483729
201,-0.381714856094774
202,-0.411703902993456
203,-0.603025105430054
204,-1.01924404446857
205,-1.0539622463054
206,-1.36136223704755
207,-1.7886952594775
208,-1.79742360872851
209,-1.7944634936122
210,-2.49800486675868
211,-2.07946804734755
212,-1.74215294839908
213,-1.4925987638213
214,-1.37496260571394
215,-1.77616583753496
216,-2.21981246482645
217,-2.52358217737822
218,-2.45398500671199
219,-2.25186421647594
220,-1.90374917069546
221,-1.62545215480264
222,-1.09558127590841
223,-1.10762033726961
224,-1.00475951407706
225,-1.12889237323345
226,-1.37414289372144
227,-1.2775147640937
228,-1.2942150707381
229,-1.19112520847838
230,-1.08304821283372
231,-0.727698569404371
232,-0.363402400085508
233,0.405740407643114
234,0.797101015710241
235,0.722788119956081
236,0.338346301444711
237,0.0284437927524167
238,0.131418180316444
239,0.480038862497806
240,1.00002146800226
241,1.04384075586101
242,0.644967042487091
243,0.821675348535125
244,0.737291030443978
245,0.658656090503628
246,0.950354455860083
247,1.03650703643369
248,0.643662341853338
249,0.207103628778608
250,0.0242773841027721
251,0.107789654430783
252,0.143620577785305
253,0.0416909394226741
254,-0.144451328335646
255,0.00409521520156257
256,0.236383901360468
257,0.13341034871651
258,-0.395585977654375
259,-0.950399033478914
260,-1.18409655495755
261,-1.32197706403551
262,-1.44334381437081
263,-1.88025969033213
264,-2.60097167738074
265,-2.81817405900362
266,-2.60200007535845
267,-1.90307465181121
268,-2.26368641708686
269,-1.8394794082218
270,-1.91343066842424
271,-0.607273209230325
272,-0.114971438727953
273,-0.209208645178567
274,0.506204280314667
275,1.07638549309409
276,0.970986941356717
277,1.22303147064841
278,1.07895007456514
279,1.57740063509271
280,0.967610406044978
281,0.178264779961975
282,-1.33917602288127
283,-2.0147663500684
284,-2.29119872355749
285,-2.8062390103928
286,-2.74306848369947
287,-3.02314844345829
288,-3.30727748781463
289,-3.5958128982036
290,-2.46588502424441
291,-1.20523037862557
292,0.0284437927524167
293,0.282924720421482
294,0.132553876531232
295,-0.0260674899910386
296,-0.424481219987058
297,-0.623589738852436
298,-0.826819013344481
299,-0.733088339182608
300,-0.534362762419457
301,-0.331044629060972
302,-0.0244838041183038
303,0.133658541832341
304,0.228067496252657
305,0.456228444278914
306,0.445481131282305
307,0.219739571618849
308,0.00775025817122922
309,-0.241106610647937
310,-0.0664725864574043
311,0.0103232548914204
312,0.091891993877158
313,0.249984092204115
314,0.360482267987311
315,0.423821440067043
316,0.337430273885836
317,0.292288382878
318,0.413039991879903
319,0.485761745061392
320,0.42720686651543
321,0.0252697975335314
322,0.0778644628287358
323,-0.214577646955142
324,0.0508728873686943
325,0.000328397942600238
326,-0.204027563079095
327,-0.0499270211552273
328,-0.0487431061894576
329,0.575192933120914
330,0.550145725616766
331,0.0400991973333608
332,-0.0636287199890535
333,0.0729116407635039
334,-0.0248267039281653
335,0.0365219120109475
336,0.0199381537728282
337,-0.0527821666654979
338,-0.1748541704275
339,-0.395585977654375
340,-0.917300740852296
341,-1.40691505606869
342,-1.53618865696741
343,-0.672288445245796
344,-0.376839137966558
345,-0.327617966367584
346,-0.714276512906865
347,-0.344349900055213
348,-0.518935227913709
349,-0.588139669453191
350,-0.483602423292334
351,-0.310444129640125
352,-0.190594823669211
353,-0.189656774881795
354,-0.188721589887155
355,-0.247752980857432
356,-0.367680581330898
357,-0.310444129640125
358,-0.129986251751126
359,0.197278252136258
360,0.411709274933542
361,0.358918633744655
362,0.215599123394668
363,0.0921360682797836
364,0.00271096683837821
365,-0.17181492419501
366,-0.216304195611546
367,-0.351604786431132
368,-0.586776009575385
369,-0.850604368719323
370,-0.603931764271226
371,-0.312671601548206
372,0.075587220878021
373,0.513802842146273
374,0.702233690171472
375,0.531007470996884
376,0.314964178592702
377,0.163182412929322
378,0.0982940491999509
379,0.0493990061867938
380,0.0362881614881332
381,0.054900311463799
382,0.0528448263159472
383,0.0425003258418114
384,0.0397181655553512
385,0.024704963098074
386,0.00505122577855808
387,0
388,0
389,0
390,0
391,0
392,0
393,-0.0209892300764195
394,-0.137816834991163
395,-0.39768884493959
396,-0.777494303189072
397,-1.23317665216148
398,-1.66770530365853
399,-1.65609411766385
400,-0.935329794844603
401,-0.222109430423094
402,0.0778644628287358
403,0.306463195181618
404,0.312109451389241
405,0.224127140941814
406,0.231270493512515
407,0.253350303636042
408,0.231134907912499
409,0.114456553851412
410,-0.0209682825584756
411,-0.13982893477927
412,-0.170988946068112
413,-0.204083599256128
414,-0.239766047402819
415,-0.438812680570024
416,-0.639939267293137
417,-0.62695744230177
418,-0.313536009708024
419,-0.033367790599409
420,0.158161383144372
421,0.112542679953899
422,0.00436137010697365
423,-0.19964208359663
424,-0.413769175165821
425,-0.841355403619121
426,-1.59328636120062
427,-2.52216200374232
428,-2.71540334451728
429,-1.51462385026891
430,-0.387036296217705
431,0.0895156894222301
432,0.156186043549045
433,0.0551375236024819
434,-0.153841488072926
435,0.023072045731554
436,0.306137183450739
437,0.623766677552391
438,0.90219480129945
439,1.04021471493231
440,0.91938313989417
441,0.640091920488418
442,0.27997373523234
443,0.0836956563721985
444,0.0099641240999134
445,-0.000658347176851912
446,0
447,0
448,0
449,0
450,0
451,0
452,0
453,0
454,0
455,0
456,0
457,0
458,0
459,0
460,0
461,0
462,0
463,0
464,0
465,0
466,0
467,0
468,0
469,0
470,0
471,0
472,0
473,0
474,0
475,0
476,0
477,0
478,0
479,0
480,0
481,0
482,0
483,0
484,0
485,0
486,0
487,0
488,0
489,0
490,0
491,0
492,0
493,0
494,0
495,0
496,0
497,0
498,0
499,0
500,0
501,0
502,0
503,0
504,0
505,0
506,0
507,0
508,0
509,0
510,0
511,0
512,0
513,-0.0252877610166611
514,-0.239298663212129
515,-0.788191309287749
516,-1.36033920762283
517,-1.47134063359518
518,-0.786706985677549
519,-0.183630201574194
520,0.0471768469445539
521,0.133776223223471
522,0.149001215942816
523,0.200711897335627
524,0.351246372011207
525,0.513633123049277
526,0.48077132788331
527,0.252943490948852
528,0.067566450297648
529,0.0132728666116443
530,0.00663878988042146
531,0
532,0
533,0
534,-0.00581657312771288
535,-0.0606929530387538
536,-0.161894483519613
537,-0.374983806699838
538,-0.909094675597068
539,-1.72284079669475
540,-1.89115249450176
541,-0.890823335590764
542,-0.210328467750725
543,-0.10501567060294
544,0.0751578518005405
545,0.218966765876209
546,0.41396998445074
547,0.250821647437705
548,0.174791031502446
549,0.0925191306240488
550,0.0880669320521736
551,0.0519368532801013
552,0.00455400462682558
553,0.033918302683888
554,0.00455209599615836
555,-0.0476787829390349
556,-0.103157296027161
557,-0.159467394585699
558,-0.247773091761756
559,-0.316716687674569
560,-0.738389786949703
561,-0.309994768206809
562,-0.13717489831224
563,-0.13717489831224
564,0.213684951432383
565,0.779086104552629
566,0.512039292813014
567,0.219010151235954
568,0
569,0
570,0
571,0
572,0
573,0
574,0
575,0
576,0
577,0
578,0
579,0
580,0
581,0
582,0
583,0
584,0
585,0
586,0
587,0
588,0
589,0
590,0
591,0
592,0
593,0
594,0
595,0
596,0
597,0
598,0
599,0
600,0
601,0
602,-0.0312335333679509
603,-0.137816834991163
604,-0.48021968112044
605,-1.06778234290194
606,-1.82160181177858
607,-2.58878145484166
608,-2.96130720096815
609,-3.09724316426749
610,-3.32571377110739
611,-3.81029697144955
612,-3.68352756172821
613,-2.41248198865997
614,-0.9685442175707
615,-0.351688154808998
616,-0.452919761041428
617,-0.347185590064947
618,-0.137021173099911
619,0.132815438529483
620,0.278145199311154
621,0.228232380264866
622,-0.00828233088507408
623,-0.386610327788299
624,-0.670722545033458
625,-1.05762492718484
626,-1.07590241477705
627,-0.799680458081115
628,-0.51043167877462
629,-0.51043167877462
630,-0.60929670830239
631,-1.10672465940559
632,-1.52691540297544
633,-1.77211018704471
634,-2.03627965422278
635,-1.99804605276171
636,-1.72830898121758
637,-1.09258463769629
638,-0.648963732039739
639,-0.535054050834204
640,-0.419421458717317
641,-0.529256453932424
642,-1.205634684859
643,-2.02061759354839
644,-1.72776562946182
645,-1.0535879565493
646,-1.18165078786247
647,-1.19429448885452
648,-1.20702704871301
649,-0.976125354468025
650,-0.614835190385435
651,0.115508046768264
652,0.692701741361121
653,0.845847703757606
654,0.768799670821782
655,1.21022491282331
656,1.68365321183584
657,1.55333241624975
658,0.896642176381709
659,0.653457046614577
660,1.00558447607406
661,1.45507172659451
662,1.3063110641642
663,1.04407898243604
664,0.304858324693962
665,0.0986464362760037
666,-0.222900677229919
667,-0.501096959084831
668,-1.61527844882965
669,-1.87067355470117
670,-2.59017841329638
671,-2.65604940512555
672,-1.67269655575668
673,-1.78467643014783
674,-1.89800838561654
675,-2.0127719140051
676,-0.667563229504566
677,-0.587564152105357
678,0.424194117563703
679,1.13274345306459
680,1.26372933954299
681,1.39343272613245
682,1.08215289230871
683,0.305827704153377
684,0.392563141919814
685,-0.154642281420187
686,-1.12953771056045
687,-1.36793371170902
688,-1.23136440649619
689,-1.61700834055343
690,-1.41324770971913
691,-0.666809640471935
692,-0.416247703982509
693,-0.753787721591385
694,-0.909765673591208
695,-0.657538356078421
696,0.123318458136182
697,1.21919107372964
698,0.605699908205195
699,0.607919920026241
700,0.214754467106609
701,0.047036786985867
702,-0.0855731866901927
703,-0.174740307991254
704,-0.12960623440947
705,0.131543142278327
706,0.330158677253667
707,0.445037856467106
708,0.299028861958433
709,0.0570497259663056
710,-0.403436849621469
711,-1.21043121429035
712,-1.60815878732763
713,-0.493162359707305
714,0.047036786985867
715,0.503158171818234
716,0.801449138870383
717,0.218576185864213
718,-0.0939462850723742
719,-0.351855128661708
720,-0.940517322594758
721,-0.987927025867812
722,-0.985890696462176
723,-1.01205659186009
724,-0.915022962046282
725,-1.54619759747668
726,-2.11968934285002
727,-3.42009205195305
728,-2.57777812960962
729,-2.32619400200264
730,-1.62236349756009
731,-0.703265072184
732,-0.52996946551094
733,-0.62208625780647
734,-0.626226109901108
735,-0.721510512732634
736,-0.820194366298755
737,-1.01559311851856
738,-0.751736951286282
739,-0.569682618158772
740,-1.6142175262273
741,-1.56883358968955
742,-1.31550972236647
743,-0.6339381175557
744,-0.636021829098699
745,-0.536236294266284
746,-0.638110253790896
747,-0.946470135032724
748,-1.26631492780622
749,-1.39471325642292
750,-0.999398866581835
751,-0.582636694336046
752,-0.475604568134816
753,-0.153378400418175
754,0.131300976506369
755,0.181956882882743
756,0.37727757769697
757,0.989276898556388
758,1.74923465575569
759,1.90718932081976
760,1.63013559744357
761,1.45325267793951
762,1.19289663451194
763,0.702735746407992
764,0.283452435631595
765,-0.300273348427702
766,-0.980958942156926
767,-1.19425408752959
768,-1.51118537167831
769,-1.72922023635301
770,-2.69803418899348
771,-3.63764383661716
772,-3.83075615768483
773,-4.35281758037325
774,-3.35301351336367
775,-4.00913754532734
776,-4.10553090999591
777,-3.23101914870043
778,-2.90105823742263
779,-2.88876232890592
780,-2.47904856543983
781,-2.15489688744474
782,-1.8024385535889
783,-1.56190895061265
784,-1.3088636519153
785,-1.45577035485425
786,-1.88299273767329
787,-1.63513430962876
788,-1.09426541647478
789,-0.957010372610014
790,-1.09735574525103
791,-1.38157316919921
792,-1.39219217886011
793,-0.409920959127454
794,0.952858943408685
795,2.04405044160514
796,2.74048784906951
797,2.64365300136147
798,1.95307471577094
799,0.963900221092593
800,0.177540907648348
801,-0.342831082221916
802,-1.14030966978785
803,-2.7957464547112
804,-4.04190189024854
805,-3.67592894062235
806,-2.05126850851404
807,-0.982316334206782
808,-0.0794150872215368
809,0.341847739444088
810,0.549721726785821
811,0.896040044898174
812,1.54411400448217
813,1.56980821915346
814,1.51810070131175
815,1.43924758473289
816,1.39576642087346
817,1.07809258794351
818,0.789004575629565
819,0.114897679551867
820,-0.502545775729131
821,-1.46162291252892
822,-1.74245729624044
823,-1.86584754564779
824,-1.98670329102922
825,-1.73851777754321
826,-1.79944740586535
827,-1.84683664089506
828,-1.80147245622907
829,-2.48293103521721
830,-2.74525185387622
831,-2.65014713668249
832,-1.90902239206741
833,-1.05447886198988
834,-1.0693616119967
835,-1.18903218749193
836,-1.10252709960023
837,-1.01076537865725
838,-1.34588672258135
839,-1.5894152907072
840,-1.40279083882615
841,-1.54093368554819
842,-2.03010759143571
843,-2.08749520261081
844,-1.6668122491032
845,-1.09199479969103
846,-0.97891509339001
847,-0.98451158124855
848,-1.35894034053744
849,-1.99636754164645
850,-2.54692956891015
851,-2.10755921423338
852,-1.62962256192346
853,-1.65315793240674
854,-1.67691416549857
855,-1.43051893572356
856,-1.03676984996527
857,-1.0397386783955
858,-2.27100467948481
859,-2.73632621453686
860,-2.385684958044
861,-1.86234121498293
862,-3.0469314702021
863,-4.46276739318671
864,-2.96894514968834
865,-1.95193806439404
866,-2.13065298143516
867,-3.1054071566641
868,-3.49879615646877
869,-2.28426966939616
870,-1.16150167874765
871,-0.829210952651511
872,-0.656403137444687
873,-0.645321219645322
874,-0.310254419880843
875,0.0886767031390275
876,0.323003927092557
877,0.477128099117312
878,0.113379339299624
879,-0.507256789361421
880,-1.09964814447279
881,0.193340164488647
882,0.198167963624202
883,-1.03713220358212
884,-1.03713220358212
885,-1.18328054337145
886,-1.47928286918892
887,-1.34343260289848
888,-1.20303728069855
889,-0.763395519418323
890,-0.463612709394693
891,0.0624279169443011
892,0.274707137333807
893,0.481766486558356
894,0.347952547979997
895,0.218697208629173
896,-0.208908891937923
897,-0.601228196552089
898,-0.862824189428915
899,-0.729786220144293
900,-0.461694479686997
901,-0.059149072361407
902,0.350636661892147
903,2.74048784906951
904,2.64365300136147
905,1.95307471577094
906,0.963900221092593
907,0.177540907648348
908,-0.342831082221916
909,-1.14030966978785
910,-2.7957464547112
911,-4.04190189024854
912,-3.67592894062235
913,-2.05126850851404
914,-2.11496597646521
915,-4.15255140503234
916,-2.0870718608772
917,-2.13953720670679
918,-0.53864613608865
919,-0.914930882048051
920,-1.2986983594979
921,-2.0794439972463
922,-3.16665432219373
923,-3.01589087111233
924,-2.56537868253648
925,0.213909870092794
926,0.480363859792332
927,0.0281639708998144
928,0.032132315508827
929,-0.319959010855211
930,-0.312938830164214
931,-0.43604454456977
932,-0.300886222097859
933,-0.294130883811149
934,0.106593925261345
935,0.289988823327523
936,0.172312741476285
937,-0.000165243214130115
938,-0.114252162708586
939,-0.108105283007606
940,0.00769493836577704
941,-0.328903270775044
942,-0.556719469635017
943,-0.554723184215295
944,-0.668576292388498
945,-0.784420375009131
946,-0.902900114000404
947,-1.60712054305116
948,-1.63880313809411
949,-1.19112520847838
950,-0.59989903089738
951,0.232762634548767
952,1.02527891278327
953,2.01921180323127
954,2.36791710701738
955,2.12516056898835
956,1.87665566893843
957,1.62310927086022
958,0.471791262932806
959,-0.702230408071887
960,-2.0705171639543
961,-3.6016279793139
962,-4.644351537605
963,-4.67053975229623
964,-4.10020881277565
965,-2.77842808366638
966,-1.70721400588929
967,-0.741753432653626
968,-0.519698546390158
969,-0.181876319023408
970,0.127775669615578
971,0.599329242828647
972,1.39397261627235
973,2.25417040119339
974,2.00861433721786
975,1.75764326110377
976,1.5019641553922
977,1.26763752926176
978,0.57810399456618
979,0.398614779765015
980,0.289063127292624
981,0.168923077766204
982,0.112086635772923
983,0.0992436750940578
984,0.109778540731263
985,0.0573524022739691
986,0.00843164101297507
987,0
988,0
989,0
990,0
991,0
992,0
993,0
994,0
995,0
996,0
997,0
998,0
999,0
1000,0
1001,0
1002,0
1003,0
1004,0
1005,0
1006,0
1007,0
1008,0
1009,0
1010,0
1011,0
1012,0
1013,0
1014,0
1015,0
1016,0
1017,0
1018,0
1019,0
1020,0
1021,0
1022,0
1023,0
1024,0
1025,0
1026,0
1027,0
1028,-0.0542160648292775
1029,-0.414265502123239
1030,-1.17533806729363
1031,-1.81043539261651
1032,-2.05639206241907
1033,-2.20204783493162
1034,-2.3725035160268
1035,-2.54171321863531
1036,-2.29250891298626
1037,-2.07051233056306
1038,-1.94085626683671
1039,-2.30648560028146
1040,-2.71723039011461
1041,-2.88319293445769
1042,-2.73971987671811
1043,-2.11621410237308
1044,-1.40639068223241
1045,-0.866484545064422
1046,-0.75814354193554
1047,-0.874200669738671
1048,-0.879371068925766
1049,-0.426344487228318
1050,0.125070550604789
1051,0.556149861082566
1052,0.701873306153085
1053,0.883237426269995
1054,1.04059795509931
1055,1.34830092190745
1056,1.58088011113779
1057,1.79107556071005
1058,1.53597770162542
1059,1.04213491423847
1060,0.843444605650693
1061,0.501461639639156
1062,0.142085229212041
1063,-0.119737174342602
1064,-0.276818121803394
1065,-0.870917824991059
1066,-1.56640882938666
1067,-1.66104962400557
1068,-0.802348876173368
1069,-0.52861493556031
1070,-0.867720736526586
1071,-1.59262867112111
1072,-2.11512375942295
1073,-2.68675748925307
1074,-3.52728345312942
1075,-4.64668165218165
1076,-5.07455498305831
1077,-4.81104117708705
1078,-4.20664316330352
1079,-3.75578431693073
1080,-3.69721505845309
1081,-2.68579795609241
1082,-1.41979083943696
1083,-0.215488185718993
1084,0.606700318578289
1085,0.600684009876254
1086,0.0461020202980371
1087,-0.778215011951601
1088,-0.904160533386547
1089,-0.906844349233926
1090,-0.783158643121863
1091,-0.783158643121863
1092,-1.16228462885382
1093,-2.06081895766282
1094,-2.8825752273963
1095,-2.58141485345069
1096,-1.84031385917853
1097,-1.18558971043015
1098,-0.367995434261895
1099,0.349353325389599
1100,0.861784989990336
1101,0.474444105447201
1102,-0.152688007891292
1103,-1.27535723410037
1104,-2.55241326804304
1105,-3.53549280048424
1106,-3.01589087111233
1107,-1.74135997247787
1108,-0.795562207214658
1109,0.150125036986141
1110,0.544895301119185
1111,0.0957732697019089
1112,-0.975862361420162
1113,-2.55968229894721
1114,-4.51426699899549
1115,-4.74633583867575
1116,-3.08320894877786
1117,-1.52807652106684
1118,-0.490887028080807
1119,0.339022552830448
1120,0.342037569445408
1121,0.0012336850084034
1122,-0.271783604587536
1123,0.0769233097644674
1124,0.680912004407041
1125,1.45244006869503
1126,2.39321895159449
1127,2.69590530370211
1128,2.46235739041615
1129,2.12928144485706
1130,1.40889952728474
1131,1.05745013590608
1132,0.899448029430401
1133,0.849869994703152
1134,0.871623972612084
1135,0.756909797652893
1136,0.54121298522293
1137,0.221918228646405
1138,0.00455687011315116
1139,-0.143045180679509
1140,-0.205588331835424
1141,-0.272868934630147
1142,-0.542213515838062
1143,-1.08347245045519
1144,-1.55223586643947
1145,-1.10845455112937
1146,-0.419038100001831
1147,0.43261185453251
1148,1.14339695525504
1149,0.575733896971408
1150,0.202868712650925
1151,-0.0939462850723742
1152,-0.0939462850723742
1153,-0.583973081287264
1154,-1.57380204491333
1155,-2.69926680029129
1156,-2.75217577827509
1157,-2.83193262893455
1158,-3.51688262010703
1159,-4.65156136878104
1160,-5.5951026600952
1161,-5.71470437077337
1162,-5.29154091885062
1163,-5.35503799413013
1164,-5.47845843953109
1165,-5.69822462697919
1166,-5.75367360117105
1167,-3.30605979499735
1168,-3.23829528065907
1169,-4.27766933777449
1170,-4.0956173908587
1171,-4.05337754991745
1172,-3.99893990949514
1173,-3.75852625710209
1174,-3.67091495261763
1175,-3.5725053101735
1176,-3.28183689577996
1177,-3.15467803903146
1178,-3.20384854639349
1179,-3.62796586147205
1180,-3.69519376777002
1181,-3.7632976017538
1182,-3.63864060755166
1183,-3.30840077030911
1184,-3.15619649783219
1185,-2.99535690957106
1186,-2.62691497936217
1187,-2.04372747487687
1188,-2.04372747487687
1189,-2.04372747487687
1190,-2.04372747487687
1191,-2.04372747487687
1192,-2.04372747487687
1193,-2.04372747487687
1194,-2.04372747487687
1195,-2.04372747487687
1196,-2.24382172442535
1197,-2.04879964817338
1198,-2.24910884984147
1199,-2.85597757501563
1200,-3.08121874997626
1201,-3.71970001142367
1202,-3.77511526703826
1203,-3.41934061034161
1204,-3.04480252394294
1205,-2.65373868508164
1206,-2.45697496048291
1207,-2.46263076661806
1208,-2.4682962395357
1209,-2.47397137923581
1210,-2.27032013478552
1211,-2.27032013478552
1212,-2.27032013478552
1213,-2.06098414143335
1214,-2.26485028042255
1215,-2.26485028042255
1216,-2.26485028042255
1217,-2.05572917991575
1218,-2.05048388687418
1219,-2.04524832158288
1220,-2.04002230283201
1221,-1.82654460633523
1222,-1.60873919734095
1223,-1.59449516118771
1224,-1.37379540100442
1225,-1.76727636056528
1226,-1.75753202536332
1227,-1.95264821048623
1228,-1.74298662370999
1229,-1.93751488115186
1230,-1.7285264414845
1231,-1.71893350286384
1232,-1.91248139986915
1233,-2.11039120383672
1234,-1.90750291883032
1235,-2.10520719867023
1236,-1.69986047362242
1237,-1.69038026445316
1238,-1.07549649797773
1239,-0.854537562007902
1240,-0.432970507742962
1241,-0.604431612118757
1242,-0.58042211372933
1243,-0.75157857050545
1244,-0.537010471784293
1245,-0.706189800576457
1246,-0.685748516856512
1247,-0.476276641533104
1248,-0.454701690471077
1249,-0.433552469047929
1250,-0.412825576615587
1251,-0.575847877956142
1252,-0.5574824290789
1253,-0.539420074816132
1254,-0.521658728714437
1255,-0.504196238271971
1256,-0.48703045945464
1257,-0.470159180486356
1258,-0.453580375881512
1259,-0.437291776283326
1260,-0.59301556709769
1261,-0.749475464429708
1262,-0.907196019938397
1263,-1.40501729629788
1264,-1.57416254917376
1265,-1.91693944626861
1266,-1.93044594485458
1267,-1.77337353119142
1268,-1.78203462619127
1269,-1.44770864609365
1270,-1.10468988129161
1271,-0.926637011833737
1272,-0.746446304980053
1273,-0.734408374910142
1274,-0.89121129060051
1275,-0.881714191658721
1276,-1.03971283821208
1277,-1.36702890222427
1278,-1.53402485914613
1279,-1.53800370545769
1280,-1.709416115195
1281,-1.71784232499364
1282,-1.38972862949173
1283,-1.55801412808275
1284,-1.39353912848166
1285,-1.39353912848166
1286,-1.05653822536686
1287,-1.04978473813012
1288,-0.875421642961991
1289,-0.699045015262593
1290,-0.687505322474317
1291,-0.841365070401595
1292,-0.667606257525296
1293,-0.492631003365042
1294,-0.47987206816138
1295,-0.467301291425348
1296,-0.776013917082244
1297,-1.0871902140431
1298,-1.4032754091606
1299,-1.56690067859831
1300,-1.73512960415699
1301,-1.58669531249013
1302,-1.59466523931727
1303,-1.60266500310546
1304,-1.77296242196829
1305,-1.45988323378062
1306,-1.46371700722597
1307,-1.30421607357928
1308,-1.30421607357928
1309,-1.14087384881952
1310,-1.30058967531158
1311,-1.13746234339718
1312,-1.13405841661036
1313,-0.96796458320321
1314,-0.799356534497186
1315,-0.952169922657171
1316,-0.784711475903653
1317,-0.294369230628223
1318,-0.599560486897701
1319,-0.589104454311896
1320,-1.52400153701164
1321,-2.00564288378538
1322,-2.66450455769092
1323,-3.19647627669121
1324,-3.92476498385917
1325,-3.87196843556845
1326,-3.29672245030531
1327,-2.330350325563
1328,-1.83466879692355
1329,-1.49537626853925
1330,-1.49537626853925
1331,-1.49537626853925
1332,-1.49537626853925
1333,-1.32128780449347
1334,-0.969739291336351
1335,-0.959672763358395
1336,-0.949678324716384
1337,-1.28363425401315
1338,-1.27991279001884
1339,-1.44770864609365
1340,-1.44770864609365
1341,-1.61921802849467
1342,-1.62336134220518
1343,-2.14333034003668
1344,-2.16259427299003
1345,-2.18198603169803
1346,-2.02698808110221
1347,-1.69074207952116
1348,-1.51964386731106
1349,-1.16888785249409
1350,-0.286885186636649
1351,0.202753178680989
1352,0.45621710596275
1353,0.461864437574521
1354,0.545616665285501
1355,0.548555179173638
1356,0.702195795300301
1357,0.848188738343611
1358,0.912914724514532
1359,0.971849677982845
1360,1.09237607025957
1361,1.00396164379682
1362,0.476947639527244
1363,-0.300886222097859
1364,-1.57937657081758
1365,-2.64095378945251
1366,-1.92274802245399
1367,-1.01616356199108
1368,0.0925234864342317
1369,0.795147099520362
1370,0.59697328806857
1371,-0.0202009080301649
1372,-0.75867275085661
1373,-0.75867275085661
1374,-0.137542324110852
1375,0.290387639072379
1376,0.751865136073506
1377,1.62726236990168
1378,2.47576357327102
1379,2.23584260670324
1380,1.98985317517907
1381,1.73850214099756
1382,0.570993642507619
1383,-1.41441198966808
1384,-2.53109140445588
1385,-2.21789530882935
1386,-1.18661345453291
1387,-1.07036041180389
1388,-1.82807798531003
1389,-3.0254815403762
1390,-4.10349034332858
1391,-4.21731116736123
1392,-3.39583203351031
1393,-2.34686193519093
1394,-1.37765435753585
1395,-0.690877441008079
1396,-0.454890863375061
1397,0.00907757446951581
1398,0.17836831851841
1399,0.288682691644157
1400,0.44792606176376
1401,0.545747654591257
1402,0.585128769857887
1403,0.814295918504133
1404,1.34054415881129
1405,2.06471145325525
1406,1.81490453854161
1407,1.01579136207547
1408,0.0816237607264182
1409,-0.467688648612002
1410,-0.358275325290363
1411,-0.184087141643034
1412,-0.0653901219011189
1413,-0.0056955503627529
1414,-0.291583010902802
1415,-1.04170799064696
1416,-2.00885208621184
1417,-2.75902886487134
1418,-3.02653953991153
1419,-2.44855758254666
1420,-1.12703728075726
1421,0.133882088717383
1422,0.889137366082024
1423,0.996111129168743
1424,0.199568920550087
1425,-0.548366124818143
1426,-1.59543929828679
1427,-2.85133877096132
1428,-2.35451689053858
1429,-1.06715437123498
1430,0.0469353975441768
1431,0.564059514470981
1432,1.24425421245712
1433,1.81966514270025
1434,1.56507542477671
1435,1.33299918597721
1436,0.235584063175316
1437,-0.402822185869134
1438,-0.754956418318312
1439,-0.583860294255165
1440,-0.231912011884628
1441,0.0701387306462578
1442,0.310063097862115
1443,0.184533937348345
1444,-0.0310629183830902
1445,-0.262346897632963
1446,-0.227718450550434
1447,0.0418635223124463
1448,0.463411659625697
1449,0.728200446124608
1450,0.501931230525285
1451,0.14378707405696
1452,0.0104296572406306
1453,0
1454,0
1455,0
1456,0
1457,0
1458,0
1459,0
1460,0
1461,0
1462,0
1463,0
1464,0
1465,0
1466,0
1467,0
1468,0
1469,0
1470,0
1471,0
1472,0
1473,0
1474,0
1475,0
1476,0
1477,0
1478,0
1479,0
1480,-0.120739435765668
1481,-0.213214762723162
1482,-0.264876331170677
1483,-0.28150693469086
1484,-0.308396700708851
1485,-0.326675560076435
1486,-0.435835618100479
1487,-0.600524853449596
1488,-0.843498194648212
1489,-1.16021327175688
1490,-1.56746246972471
1491,-1.98306722428549
1492,-2.41481747348316
1493,-2.63838037611906
1494,-2.81635757607663
1495,-2.87050411899151
1496,-2.77504963972397
1497,-2.69666348733545
1498,-2.46942525130928
1499,-2.18218523041706
1500,-1.84422992729115
1501,-1.4649943146911
1502,-1.4951246155011
1503,-1.3016304870096
1504,-1.4353761552069
1505,-1.34624388546795
1506,-1.25107704547906
1507,-1.26756001040503
1508,-1.402386712109
1509,-1.54329668039495
1510,-1.81203817495722
1511,-2.3424327130097
1512,-2.91317141868603
1513,-3.53549280048424
1514,-4.0870721871678
1515,-4.27719538938463
1516,-4.03838147602323
1517,-3.30522355395843
1518,-2.9455977581564
1519,-2.39785841274613
1520,-2.28222337514328
1521,-1.84337327558959
1522,-1.7020049361852
1523,-1.0773366110056
1524,-0.596935454165193
1525,0.248722001284282
1526,0.700738206067841
1527,1.06132526583847
1528,1.18582602837452
1529,1.02538346577606
1530,0.74303879633533
1531,0.414090770118723
1532,0.0380774307627798
1533,-0.559654759004262
1534,-1.32913193274511
1535,-2.12169732392492
1536,-3.22492305347844
1537,-4.15794296319921
1538,-4.91340000670442
1539,-5.75367360117105
1540,-6.22988620958478
1541,-6.89897249249079
1542,-7.12255395473936
1543,-6.97784130488954
1544,-6.22015589697548
1545,-4.77510444920641
1546,-3.75644749919237
1547,-3.05162159559069
1548,-2.69879022689918
1549,-2.91723906289624
1550,-2.94710225363872
1551,-3.37265304857425
1552,-3.41817328539005
1553,-3.66488414204834
1554,-3.51724157138226
1555,-3.76815541906023
1556,-4.02978160793066
1557,-4.51061410344702
1558,-4.80655723122991
1559,-5.54193385261463
1560,-5.89150350359276
1561,-6.04012350993483
1562,-6.1913394267264
1563,-6.34519207359921
1564,-6.73126095995596
1565,-6.90420704503929
1566,-7.08027043206714
1567,-7.5
1568,-7.20840923094539
1569,-7.13203834189607
1570,-7.0411692572016
1571,-6.93596137038562
1572,-6.81659627741013
1573,-6.68328003756456
1574,-6.01268991458002
1575,-5.5649065377772
1576,-5.09267396962765
1577,-4.33248801166836
1578,-3.8093399464362
1579,-3.26990357967063
1580,-3.24683439773185
1581,-2.69516239419475
1582,-2.92257321480425
1583,-2.36839141274626
1584,-2.06619577686545
1585,-1.76071467292833
1586,-1.45284234436221
1587,-1.14350562526748
1588,-1.08748799768528
1589,-1.28432058879462
1590,-1.73350623502445
1591,-1.94026129568189
1592,-2.39775899120936
1593,-2.37200301108193
1594,-2.83688580833879
1595,-2.82330733896537
1596,-2.32103684976237
1597,-2.29582541534335
1598,-1.54284648404156
1599,-1.26284219378305
1600,-0.981394397852524
1601,-0.699409397752147
1602,-0.65316421491212
1603,-1.07439278783873
1604,-1.4985522333566
1605,-1.69751657524363
1606,-2.35804583856152
1607,-2.3461113877738
1608,-2.79071796483921
1609,-2.79071796483921
1610,-3.24721656418825
1611,-3.03214891568434
1612,-3.49654374195868
1613,-3.74725576252828
1614,-4.23729216794495
1615,-4.51573819420735
1616,-5.0386664722351
1617,-5.58626432663707
1618,-5.92421246943426
1619,-6.2779676864978
1620,-5.91999736614613
1621,-5.7796256164664
1622,-5.37923612856824
1623,-4.95391932294605
1624,-4.00493574826028
1625,-3.26838070409192
1626,-2.50926849906855
1627,-0.984281051857527
1628,0.0280486774139558
1629,0.523827298959159
1630,0.66652922248979
1631,0.578974848376681
1632,0.0473688853348629
1633,-0.772260946286756
1634,-2.10025473563756
1635,-2.53795135331607
1636,-2.75902307631799
1637,-2.53184833655589
1638,-2.07183630548752
1639,-1.82859633180244
1640,-1.5815805904475
1641,-1.78031995270633
1642,-2.20617605064532
1643,-2.8640589170995
1644,-3.76361806372186
1645,-4.2485074612618
1646,-4.98018738512503
1647,-5.29273623140679
1648,-5.85008206214288
1649,-6.20462929996552
1650,-6.34036719753067
1651,-6.4782465736238
1652,-6.13385597417888
1653,-6.00568739761383
1654,-5.86450333675439
1655,-5.46127463795639
1656,-5.53498170182062
1657,-5.60943191398272
1658,-5.68463040420517
1659,-5.76058224636327
1660,-5.8372925126388
1661,-5.9147662752135
1662,-5.73166104529868
1663,-6.06210521271626
1664,-5.87723100225385
1665,-5.68002800300463
1666,-5.73825227352545
1667,-5.25961174125773
1668,-5.29725371463137
1669,-5.06472077286
1670,-5.09258845382859
1671,-4.84890490726354
1672,-4.5950977228329
1673,-4.604044965094
1674,-4.61300479889814
1675,-4.34923868448494
1676,-4.34923868448494
1677,-4.07650008206322
1678,-3.79543379549176
1679,-3.5067223998714
1680,-3.48253524641043
1681,-3.45846105949785
1682,-3.97481863681642
1683,-4.2363711867528
1684,-4.77626037656756
1685,-5.33509524575659
1686,-5.3731368105209
1687,-5.41137912529589
1688,-5.44982284717889
1689,-4.94084219513111
1690,-4.95938130060872
1691,-4.70329824769629
1692,-4.71239730653905
1693,-4.72150907716689
1694,-4.73063361716051
1695,-4.73977080797141
1696,-4.74892083080944
1697,-4.758083563739
1698,-4.76725906772789
1699,-4.50005500988583
1700,-4.22366273626981
1701,-3.93872693049657
1702,-3.92167823524728
1703,-3.9046805632675
1704,-3.61284601787503
1705,-3.86240909528302
1706,-3.8455893171653
1707,-3.82882026425233
1708,-4.08505531156916
1709,-4.07650008206322
1710,-4.06795744410032
1711,-4.604044965094
1712,-4.61300479889814
1713,-4.89471582666706
1714,-5.1862968679714
1715,-5.21465538371528
1716,-5.51758587119332
1717,-5.55658661008572
1718,-5.87196852306852
1719,-5.92233637185943
1720,-6.25135141523022
1721,-6.03427590419989
1722,-5.80498325843001
1723,-5.28237478527298
1724,-5.01985912201158
1725,-4.46500560558787
1726,-3.32797722756243
1727,-2.16331277336357
1728,-0.703135933928217
1729,0.36352903358108
1730,1.0558721200382
1731,1.22228939775468
1732,1.38159262469975
1733,1.28881151546419
1734,1.19643017882914
1735,1.10463438366342
1736,1.12833511743352
1737,1.26162581516044
1738,1.16809726447816
1739,1.18343116600047
1740,0.985707014046766
1741,0.690193553406123
1742,0.300930142619353
1743,0.217969696876945
1744,0.0372287760035531
1745,-0.0937414163484939
1746,-0.0634402041824071
1747,-0.0340714910409176
1748,-0.400225914693521
1749,-0.374687813139835
1750,-0.737451678888043
1751,-0.909102135684104
1752,-0.890837956006514
1753,-0.872795296034809
1754,-0.854972780606522
1755,-0.837369276736811
1756,-0.819983470231002
1757,-0.802814111249314
1758,-0.600810463855544
1759,-0.765797482846844
1760,-0.566627139251087
1761,-0.548413506955506
1762,-0.530501895563801
1763,-0.512890274509717
1764,-0.495576379517121
1765,-0.30232041832641
1766,0.0311036177727926
1767,0.370130346897141
1768,0.701898966820228
1769,1.17980082684229
1770,1.55102563540277
1771,1.81366560183516
1772,1.75813523055745
1773,1.69924521374054
1774,1.50843215415858
1775,1.26976587939138
1776,1.05102606104829
1777,1.01834502353716
1778,1.03775235782303
1779,1.20213253048804
1780,1.33450684331707
1781,1.38461886108238
1782,1.23855365088039
1783,1.02551075467542
1784,0.770813918031084
1785,0.555742154201061
1786,0.460454826608965
1787,0.403190505862061
1788,0.375922692100874
1789,0.371332164378246
1790,0.402847726294238
1791,0.433658930671384
1792,0.449992168856195
1793,0.408458655052245
1794,0.280500019392839
1795,0.258595059822317
1796,0
1797,0
1798,0
1799,0
